/*
 Navicat Premium Data Transfer

 Source Server         : localhost
 Source Server Type    : MySQL
 Source Server Version : 100131
 Source Host           : localhost:3306
 Source Schema         : new-delivery-print

 Target Server Type    : MySQL
 Target Server Version : 100131
 File Encoding         : 65001

 Date: 29/05/2018 14:24:43
*/

SET NAMES utf8mb4;
SET FOREIGN_KEY_CHECKS = 0;

-- ----------------------------
-- Table structure for delivery_session
-- ----------------------------
DROP TABLE IF EXISTS `delivery_session`;
CREATE TABLE `delivery_session`  (
  `id` varchar(40) CHARACTER SET utf8 COLLATE utf8_general_ci NOT NULL,
  `ip_address` varchar(45) CHARACTER SET utf8 COLLATE utf8_general_ci NOT NULL,
  `timestamp` int(10) UNSIGNED NOT NULL DEFAULT 0,
  `data` blob NOT NULL,
  PRIMARY KEY (`id`) USING BTREE,
  INDEX `ci_sessions_timestamp`(`timestamp`) USING BTREE
) ENGINE = InnoDB CHARACTER SET = utf8 COLLATE = utf8_general_ci ROW_FORMAT = Compact;

-- ----------------------------
-- Records of delivery_session
-- ----------------------------
INSERT INTO `delivery_session` VALUES ('f0koniekid3bghuo78oq47jl9812u7ut', '::1', 1527567512, 0x5F5F63695F6C6173745F726567656E65726174657C693A313532373536373436353B6C6F676765647C623A313B646174615F757365727C613A31313A7B733A323A226964223B733A323A223635223B733A343A226E6F6D65223B733A383A2244616E69656C204D223B733A333A22637066223B733A31343A223535352E3535352E3535352D3535223B733A323A227267223B733A31323A2232322E3232322E3232322D32223B733A333A2274656C223B733A31343A222831312920313131312D31313131223B733A333A2263656C223B733A31353A22283131292031313131312D31313131223B733A353A22656D61696C223B733A373A223240322E636F6D223B733A353A2273656E6861223B733A31323A222431307072696E744D544578223B733A363A22737461747573223B733A313A2231223B733A383A22696E67726573736F223B733A31393A22323031382D30352D32362030343A32393A3030223B733A383A22646174616E617363223B733A31303A22313939332D30392D3233223B7D706C616365735F757365727C613A333A7B693A303B613A393A7B733A31303A226964456E64657265636F223B733A313A2234223B733A31323A227469706F456E64657265636F223B733A313A2231223B733A333A22636570223B733A393A2230323835392D323330223B733A363A226E756D65726F223B733A333A22313231223B733A31303A226C6F677261646F75726F223B733A353A22527561204B223B733A363A2262616972726F223B733A33353A224A617264696D20566974C3B37269612052C3A967696120285A6F6E61204E6F72746529223B733A363A22636964616465223B733A31303A2253C3A36F205061756C6F223B733A323A227566223B733A323A225350223B733A31313A22636F6D706C656D656E746F223B733A313A2261223B7D693A313B613A393A7B733A31303A226964456E64657265636F223B733A313A2235223B733A31323A227469706F456E64657265636F223B733A313A2231223B733A333A22636570223B733A393A2230343333352D303530223B733A363A226E756D65726F223B733A343A2231313131223B733A31303A226C6F677261646F75726F223B733A32303A225275612043696E636F206465204F75747562726F223B733A363A2262616972726F223B733A31353A22416D65726963616EC3B3706F6C6973223B733A363A22636964616465223B733A31303A2253C3A36F205061756C6F223B733A323A227566223B733A323A225350223B733A31313A22636F6D706C656D656E746F223B733A313A2261223B7D693A323B613A393A7B733A31303A226964456E64657265636F223B733A313A2236223B733A31323A227469706F456E64657265636F223B733A313A2231223B733A333A22636570223B733A393A2230343333352D303530223B733A363A226E756D65726F223B733A343A2231323132223B733A31303A226C6F677261646F75726F223B733A32303A225275612043696E636F206465204F75747562726F223B733A363A2262616972726F223B733A31353A22416D65726963616EC3B3706F6C6973223B733A363A22636964616465223B733A31303A2253C3A36F205061756C6F223B733A323A227566223B733A323A225350223B733A31313A22636F6D706C656D656E746F223B733A313A2261223B7D7D);
INSERT INTO `delivery_session` VALUES ('l1j0lgcil5pq5kk84ev3j1t80rcm011v', '::1', 1527567774, 0x5F5F63695F6C6173745F726567656E65726174657C693A313532373536373737343B6C6F676765647C623A313B646174615F757365727C613A31313A7B733A323A226964223B733A323A223635223B733A343A226E6F6D65223B733A383A2244616E69656C204D223B733A333A22637066223B733A31343A223535352E3535352E3535352D3535223B733A323A227267223B733A31323A2232322E3232322E3232322D32223B733A333A2274656C223B733A31343A222831312920313131312D31313131223B733A333A2263656C223B733A31353A22283131292031313131312D31313131223B733A353A22656D61696C223B733A373A223240322E636F6D223B733A353A2273656E6861223B733A31323A222431307072696E744D544578223B733A363A22737461747573223B733A313A2231223B733A383A22696E67726573736F223B733A31393A22323031382D30352D32362030343A32393A3030223B733A383A22646174616E617363223B733A31303A22313939332D30392D3233223B7D706C616365735F757365727C613A333A7B693A303B613A393A7B733A31303A226964456E64657265636F223B733A313A2234223B733A31323A227469706F456E64657265636F223B733A313A2231223B733A333A22636570223B733A393A2230323835392D323330223B733A363A226E756D65726F223B733A333A22313231223B733A31303A226C6F677261646F75726F223B733A353A22527561204B223B733A363A2262616972726F223B733A33353A224A617264696D20566974C3B37269612052C3A967696120285A6F6E61204E6F72746529223B733A363A22636964616465223B733A31303A2253C3A36F205061756C6F223B733A323A227566223B733A323A225350223B733A31313A22636F6D706C656D656E746F223B733A313A2261223B7D693A313B613A393A7B733A31303A226964456E64657265636F223B733A313A2235223B733A31323A227469706F456E64657265636F223B733A313A2231223B733A333A22636570223B733A393A2230343333352D303530223B733A363A226E756D65726F223B733A343A2231313131223B733A31303A226C6F677261646F75726F223B733A32303A225275612043696E636F206465204F75747562726F223B733A363A2262616972726F223B733A31353A22416D65726963616EC3B3706F6C6973223B733A363A22636964616465223B733A31303A2253C3A36F205061756C6F223B733A323A227566223B733A323A225350223B733A31313A22636F6D706C656D656E746F223B733A313A2261223B7D693A323B613A393A7B733A31303A226964456E64657265636F223B733A313A2236223B733A31323A227469706F456E64657265636F223B733A313A2231223B733A333A22636570223B733A393A2230343333352D303530223B733A363A226E756D65726F223B733A343A2231323132223B733A31303A226C6F677261646F75726F223B733A32303A225275612043696E636F206465204F75747562726F223B733A363A2262616972726F223B733A31353A22416D65726963616EC3B3706F6C6973223B733A363A22636964616465223B733A31303A2253C3A36F205061756C6F223B733A323A227566223B733A323A225350223B733A31313A22636F6D706C656D656E746F223B733A313A2261223B7D7D);
INSERT INTO `delivery_session` VALUES ('tf8nigc2l91r5s7sq4ifn3lelcoqhvna', '::1', 1527569910, 0x5F5F63695F6C6173745F726567656E65726174657C693A313532373536393735343B6C6F676765647C623A313B646174615F757365727C613A31313A7B733A323A226964223B733A323A223635223B733A343A226E6F6D65223B733A383A2244616E69656C204D223B733A333A22637066223B733A31343A223535352E3535352E3535352D3535223B733A323A227267223B733A31323A2232322E3232322E3232322D32223B733A333A2274656C223B733A31343A222831312920313131312D31313131223B733A333A2263656C223B733A31353A22283131292031313131312D31313131223B733A353A22656D61696C223B733A373A223240322E636F6D223B733A353A2273656E6861223B733A31323A222431307072696E744D544578223B733A363A22737461747573223B733A313A2231223B733A383A22696E67726573736F223B733A31393A22323031382D30352D32362030343A32393A3030223B733A383A22646174616E617363223B733A31303A22313939332D30392D3233223B7D706C616365735F757365727C613A333A7B693A303B613A393A7B733A31303A226964456E64657265636F223B733A313A2234223B733A31323A227469706F456E64657265636F223B733A313A2231223B733A333A22636570223B733A393A2230323835392D323330223B733A363A226E756D65726F223B733A333A22313231223B733A31303A226C6F677261646F75726F223B733A353A22527561204B223B733A363A2262616972726F223B733A33353A224A617264696D20566974C3B37269612052C3A967696120285A6F6E61204E6F72746529223B733A363A22636964616465223B733A31303A2253C3A36F205061756C6F223B733A323A227566223B733A323A225350223B733A31313A22636F6D706C656D656E746F223B733A313A2261223B7D693A313B613A393A7B733A31303A226964456E64657265636F223B733A313A2235223B733A31323A227469706F456E64657265636F223B733A313A2231223B733A333A22636570223B733A393A2230343333352D303530223B733A363A226E756D65726F223B733A343A2231313131223B733A31303A226C6F677261646F75726F223B733A32303A225275612043696E636F206465204F75747562726F223B733A363A2262616972726F223B733A31353A22416D65726963616EC3B3706F6C6973223B733A363A22636964616465223B733A31303A2253C3A36F205061756C6F223B733A323A227566223B733A323A225350223B733A31313A22636F6D706C656D656E746F223B733A313A2261223B7D693A323B613A393A7B733A31303A226964456E64657265636F223B733A313A2236223B733A31323A227469706F456E64657265636F223B733A313A2231223B733A333A22636570223B733A393A2230343333352D303530223B733A363A226E756D65726F223B733A343A2231323132223B733A31303A226C6F677261646F75726F223B733A32303A225275612043696E636F206465204F75747562726F223B733A363A2262616972726F223B733A31353A22416D65726963616EC3B3706F6C6973223B733A363A22636964616465223B733A31303A2253C3A36F205061756C6F223B733A323A227566223B733A323A225350223B733A31313A22636F6D706C656D656E746F223B733A313A2261223B7D7D);
INSERT INTO `delivery_session` VALUES ('va96vuqhu4jdgg2rapo1cg46gm7p0lld', '::1', 1527571000, 0x5F5F63695F6C6173745F726567656E65726174657C693A313532373537303938333B6C6F676765647C623A313B646174615F757365727C613A31313A7B733A323A226964223B733A323A223635223B733A343A226E6F6D65223B733A383A2244616E69656C204D223B733A333A22637066223B733A31343A223535352E3535352E3535352D3535223B733A323A227267223B733A31323A2232322E3232322E3232322D32223B733A333A2274656C223B733A31343A222831312920313131312D31313131223B733A333A2263656C223B733A31353A22283131292031313131312D31313131223B733A353A22656D61696C223B733A373A223240322E636F6D223B733A353A2273656E6861223B733A31323A222431307072696E744D544578223B733A363A22737461747573223B733A313A2231223B733A383A22696E67726573736F223B733A31393A22323031382D30352D32362030343A32393A3030223B733A383A22646174616E617363223B733A31303A22313939332D30392D3233223B7D706C616365735F757365727C613A333A7B693A303B613A393A7B733A31303A226964456E64657265636F223B733A313A2234223B733A31323A227469706F456E64657265636F223B733A313A2231223B733A333A22636570223B733A393A2230323835392D323330223B733A363A226E756D65726F223B733A333A22313231223B733A31303A226C6F677261646F75726F223B733A353A22527561204B223B733A363A2262616972726F223B733A33353A224A617264696D20566974C3B37269612052C3A967696120285A6F6E61204E6F72746529223B733A363A22636964616465223B733A31303A2253C3A36F205061756C6F223B733A323A227566223B733A323A225350223B733A31313A22636F6D706C656D656E746F223B733A313A2261223B7D693A313B613A393A7B733A31303A226964456E64657265636F223B733A313A2235223B733A31323A227469706F456E64657265636F223B733A313A2231223B733A333A22636570223B733A393A2230343333352D303530223B733A363A226E756D65726F223B733A343A2231313131223B733A31303A226C6F677261646F75726F223B733A32303A225275612043696E636F206465204F75747562726F223B733A363A2262616972726F223B733A31353A22416D65726963616EC3B3706F6C6973223B733A363A22636964616465223B733A31303A2253C3A36F205061756C6F223B733A323A227566223B733A323A225350223B733A31313A22636F6D706C656D656E746F223B733A313A2261223B7D693A323B613A393A7B733A31303A226964456E64657265636F223B733A313A2236223B733A31323A227469706F456E64657265636F223B733A313A2231223B733A333A22636570223B733A393A2230343333352D303530223B733A363A226E756D65726F223B733A343A2231323132223B733A31303A226C6F677261646F75726F223B733A32303A225275612043696E636F206465204F75747562726F223B733A363A2262616972726F223B733A31353A22416D65726963616EC3B3706F6C6973223B733A363A22636964616465223B733A31303A2253C3A36F205061756C6F223B733A323A227566223B733A323A225350223B733A31313A22636F6D706C656D656E746F223B733A313A2261223B7D7D);

-- ----------------------------
-- Table structure for tbacabamento
-- ----------------------------
DROP TABLE IF EXISTS `tbacabamento`;
CREATE TABLE `tbacabamento`  (
  `idAcabamento` int(11) NOT NULL AUTO_INCREMENT,
  `descricaoAcabamento` varchar(255) CHARACTER SET utf8 COLLATE utf8_general_ci NOT NULL,
  `valorAcabamento` double NOT NULL,
  `custoAcabamento` double NULL DEFAULT NULL,
  `posicaoAcabamento` varchar(50) CHARACTER SET utf8 COLLATE utf8_general_ci NULL DEFAULT NULL,
  `iconeAcabamento` varchar(50) CHARACTER SET utf8 COLLATE utf8_general_ci NULL DEFAULT NULL,
  PRIMARY KEY (`idAcabamento`) USING BTREE
) ENGINE = InnoDB AUTO_INCREMENT = 7 CHARACTER SET = utf8 COLLATE = utf8_general_ci ROW_FORMAT = Compact;

-- ----------------------------
-- Records of tbacabamento
-- ----------------------------
INSERT INTO `tbacabamento` VALUES (1, 'Folha Solta', 0, 0, '0', 'solta.svg');
INSERT INTO `tbacabamento` VALUES (2, 'Grampeado', 0, 0, '0', 'grampeado.svg');
INSERT INTO `tbacabamento` VALUES (3, 'Encadernar Espiral', 3.5, 0, '0', 'espiral.svg');
INSERT INTO `tbacabamento` VALUES (4, 'Encadernar Capa Dura A4', 65, 0, '0', 'capa_dura.svg');
INSERT INTO `tbacabamento` VALUES (5, 'Encadernar Capa Dura A3', 183, 0, '0', 'capa_dura_A3.svg');
INSERT INTO `tbacabamento` VALUES (6, 'Encadernar Wiro-o', 9, 0, '0', 'wire-o.svg');

-- ----------------------------
-- Table structure for tbarquivo
-- ----------------------------
DROP TABLE IF EXISTS `tbarquivo`;
CREATE TABLE `tbarquivo`  (
  `idArquivo` int(11) NOT NULL AUTO_INCREMENT,
  `tbItem_idItem` int(11) NOT NULL,
  `arquivo` varchar(255) CHARACTER SET utf8 COLLATE utf8_general_ci NOT NULL,
  `numPaginas` int(11) NOT NULL,
  `qtdImpressoes` int(11) NOT NULL,
  `orientacoes` varchar(255) CHARACTER SET utf8 COLLATE utf8_general_ci NULL DEFAULT NULL,
  `statusCor` int(11) NULL DEFAULT NULL,
  `statusLado` int(11) NULL DEFAULT NULL,
  `statusPapel` int(11) NULL DEFAULT NULL,
  `statusAcabamento` int(11) NULL DEFAULT NULL,
  `statusGeral` int(11) NULL DEFAULT NULL,
  `observacao` varchar(255) CHARACTER SET utf8 COLLATE utf8_general_ci NULL DEFAULT NULL,
  PRIMARY KEY (`idArquivo`) USING BTREE,
  INDEX `fk_tbArquivo_tbItem1_idx`(`tbItem_idItem`) USING BTREE,
  CONSTRAINT `fk_tbArquivo_tbItem1` FOREIGN KEY (`tbItem_idItem`) REFERENCES `tbitem` (`idItem`) ON DELETE NO ACTION ON UPDATE NO ACTION
) ENGINE = InnoDB AUTO_INCREMENT = 4 CHARACTER SET = utf8 COLLATE = utf8_general_ci ROW_FORMAT = Compact;

-- ----------------------------
-- Records of tbarquivo
-- ----------------------------
INSERT INTO `tbarquivo` VALUES (1, 1, 'nome1', 20, 1, NULL, NULL, NULL, NULL, NULL, NULL, NULL);
INSERT INTO `tbarquivo` VALUES (2, 1, 'nome2', 2, 1, NULL, NULL, NULL, NULL, NULL, NULL, NULL);
INSERT INTO `tbarquivo` VALUES (3, 2, 'nome3', 5, 1, NULL, NULL, NULL, NULL, NULL, NULL, NULL);

-- ----------------------------
-- Table structure for tbcidades1
-- ----------------------------
DROP TABLE IF EXISTS `tbcidades1`;
CREATE TABLE `tbcidades1`  (
  `idtbCidades1` int(11) NOT NULL AUTO_INCREMENT,
  `cidade` varchar(45) CHARACTER SET utf8 COLLATE utf8_general_ci NOT NULL,
  `uf` char(2) CHARACTER SET utf8 COLLATE utf8_general_ci NOT NULL,
  PRIMARY KEY (`idtbCidades1`) USING BTREE
) ENGINE = InnoDB AUTO_INCREMENT = 1 CHARACTER SET = utf8 COLLATE = utf8_general_ci ROW_FORMAT = Compact;

-- ----------------------------
-- Table structure for tbcidades2
-- ----------------------------
DROP TABLE IF EXISTS `tbcidades2`;
CREATE TABLE `tbcidades2`  (
  `idtbCidades2` int(11) NOT NULL AUTO_INCREMENT,
  `cidade` varchar(45) CHARACTER SET utf8 COLLATE utf8_general_ci NOT NULL,
  `uf` char(2) CHARACTER SET utf8 COLLATE utf8_general_ci NOT NULL,
  PRIMARY KEY (`idtbCidades2`) USING BTREE
) ENGINE = InnoDB AUTO_INCREMENT = 1 CHARACTER SET = utf8 COLLATE = utf8_general_ci ROW_FORMAT = Compact;

-- ----------------------------
-- Table structure for tbcliente
-- ----------------------------
DROP TABLE IF EXISTS `tbcliente`;
CREATE TABLE `tbcliente`  (
  `idCliente` int(11) NOT NULL AUTO_INCREMENT,
  `nomeCliente` varchar(255) CHARACTER SET utf8 COLLATE utf8_general_ci NOT NULL,
  `cpfCliente` varchar(14) CHARACTER SET utf8 COLLATE utf8_general_ci NULL DEFAULT NULL,
  `rgCliente` varchar(18) CHARACTER SET utf8 COLLATE utf8_general_ci NULL DEFAULT NULL,
  `telCliente` varchar(14) CHARACTER SET utf8 COLLATE utf8_general_ci NULL DEFAULT NULL,
  `celCliente` varchar(15) CHARACTER SET utf8 COLLATE utf8_general_ci NULL DEFAULT NULL,
  `emailCliente` varchar(100) CHARACTER SET utf8 COLLATE utf8_general_ci NOT NULL,
  `senhaCliente` varchar(50) CHARACTER SET utf8 COLLATE utf8_general_ci NOT NULL,
  `statusCliente` tinyint(1) NOT NULL,
  `dtIngresso` datetime(0) NOT NULL,
  `dtNascimento` date NULL DEFAULT NULL,
  PRIMARY KEY (`idCliente`, `emailCliente`) USING BTREE,
  UNIQUE INDEX `emailCliente_UNIQUE`(`emailCliente`) USING BTREE,
  UNIQUE INDEX `cpfCliente_UNIQUE`(`cpfCliente`) USING BTREE,
  UNIQUE INDEX `cnpjCliente_UNIQUE`(`rgCliente`) USING BTREE,
  INDEX `idCliente`(`idCliente`) USING BTREE
) ENGINE = InnoDB AUTO_INCREMENT = 66 CHARACTER SET = utf8 COLLATE = utf8_general_ci ROW_FORMAT = Compact;

-- ----------------------------
-- Records of tbcliente
-- ----------------------------
INSERT INTO `tbcliente` VALUES (12, 'Will', '333333333', '2222222', '22222222', '2222222', 'asdasdsadad@aas', '$2y$10$ilVhBIQ58mE1iZMbFcYvyOLcOfZCWzL4L3nUUPPMisB', 1, '2018-05-03 21:47:00', NULL);
INSERT INTO `tbcliente` VALUES (45, 'Bob', '444.555.777.98', '34.345.534.2', NULL, '0', 'b@b', '$10printMQ==', 1, '2018-05-21 21:02:00', NULL);
INSERT INTO `tbcliente` VALUES (57, 'Sr Doiss', NULL, NULL, NULL, NULL, '2@2', '$10printMTEx', 1, '2018-05-21 21:41:00', NULL);
INSERT INTO `tbcliente` VALUES (59, 'William', '444.555.777.99', '34.345.534.8', NULL, NULL, 'w@w', '$10printMTIz', 1, '2018-05-21 22:00:00', NULL);
INSERT INTO `tbcliente` VALUES (65, 'Daniel Machado Barbosa Alexandre', '555.555.555-55', '22.222.222-2', '(11) 1111-1111', '(11) 11111-1111', '2@2.com', '$10printMTEx', 1, '2018-05-29 06:57:00', '1993-09-23');

-- ----------------------------
-- Table structure for tbcolaborador
-- ----------------------------
DROP TABLE IF EXISTS `tbcolaborador`;
CREATE TABLE `tbcolaborador`  (
  `idColaborador` int(11) NOT NULL AUTO_INCREMENT,
  `nome` varchar(255) CHARACTER SET utf8 COLLATE utf8_general_ci NOT NULL,
  `email` varchar(100) CHARACTER SET utf8 COLLATE utf8_general_ci NOT NULL,
  `telefone` bigint(14) NULL DEFAULT NULL,
  `status` tinyint(1) NOT NULL,
  `dataInscricao` datetime(0) NOT NULL,
  `nivel` tinyint(1) NOT NULL,
  `senha` varchar(255) CHARACTER SET utf8 COLLATE utf8_general_ci NOT NULL,
  `tbUsuarioColab_idUsuarioColab` int(11) NOT NULL,
  PRIMARY KEY (`idColaborador`) USING BTREE,
  INDEX `fk_tbColaborador_tbUsuarioColab1_idx`(`tbUsuarioColab_idUsuarioColab`) USING BTREE,
  CONSTRAINT `fk_tbColaborador_tbUsuarioColab1` FOREIGN KEY (`tbUsuarioColab_idUsuarioColab`) REFERENCES `tbusuariocolab` (`idUsuarioColab`) ON DELETE NO ACTION ON UPDATE NO ACTION
) ENGINE = InnoDB AUTO_INCREMENT = 1 CHARACTER SET = utf8 COLLATE = utf8_general_ci ROW_FORMAT = Compact;

-- ----------------------------
-- Table structure for tbcolorido
-- ----------------------------
DROP TABLE IF EXISTS `tbcolorido`;
CREATE TABLE `tbcolorido`  (
  `idColorido` int(11) NOT NULL AUTO_INCREMENT,
  `idFaixa` int(11) NOT NULL,
  `idPapel` int(11) NOT NULL,
  `valor` double NOT NULL,
  PRIMARY KEY (`idColorido`) USING BTREE
) ENGINE = InnoDB AUTO_INCREMENT = 2 CHARACTER SET = utf8 COLLATE = utf8_general_ci ROW_FORMAT = Compact;

-- ----------------------------
-- Records of tbcolorido
-- ----------------------------
INSERT INTO `tbcolorido` VALUES (1, 1, 1, 0);

-- ----------------------------
-- Table structure for tbcor
-- ----------------------------
DROP TABLE IF EXISTS `tbcor`;
CREATE TABLE `tbcor`  (
  `idCor` int(11) NOT NULL AUTO_INCREMENT,
  `descricaoCor` varchar(50) CHARACTER SET utf8 COLLATE utf8_general_ci NOT NULL,
  `valorInicio` double NOT NULL,
  `valorFim` double NOT NULL,
  `custoCor` double NULL DEFAULT NULL,
  `iconeCor` varchar(255) CHARACTER SET utf8 COLLATE utf8_general_ci NULL DEFAULT NULL,
  PRIMARY KEY (`idCor`) USING BTREE
) ENGINE = InnoDB AUTO_INCREMENT = 3 CHARACTER SET = utf8 COLLATE = utf8_general_ci ROW_FORMAT = Compact;

-- ----------------------------
-- Records of tbcor
-- ----------------------------
INSERT INTO `tbcor` VALUES (1, 'Preto e Branco', 0.09, 0.4, 0, 'pb.svg');
INSERT INTO `tbcor` VALUES (2, 'Colorido', 0.34, 1.2, 0, 'color.svg');

-- ----------------------------
-- Table structure for tbemailmkt
-- ----------------------------
DROP TABLE IF EXISTS `tbemailmkt`;
CREATE TABLE `tbemailmkt`  (
  `idEmailMkt` int(11) NOT NULL AUTO_INCREMENT,
  `nome` varchar(255) CHARACTER SET utf8 COLLATE utf8_general_ci NOT NULL,
  `email` varchar(100) CHARACTER SET utf8 COLLATE utf8_general_ci NOT NULL,
  PRIMARY KEY (`idEmailMkt`) USING BTREE
) ENGINE = InnoDB AUTO_INCREMENT = 1 CHARACTER SET = utf8 COLLATE = utf8_general_ci ROW_FORMAT = Compact;

-- ----------------------------
-- Table structure for tbendereco
-- ----------------------------
DROP TABLE IF EXISTS `tbendereco`;
CREATE TABLE `tbendereco`  (
  `idEndereco` int(11) NOT NULL AUTO_INCREMENT,
  `tipoEndereco` tinyint(1) NULL DEFAULT NULL,
  `cep` varchar(10) CHARACTER SET utf8 COLLATE utf8_general_ci NOT NULL,
  `numero` varchar(50) CHARACTER SET utf8 COLLATE utf8_general_ci NOT NULL,
  `logradouro` varchar(50) CHARACTER SET utf8 COLLATE utf8_general_ci NOT NULL,
  `bairro` varchar(50) CHARACTER SET utf8 COLLATE utf8_general_ci NOT NULL,
  `cidade` varchar(50) CHARACTER SET utf8 COLLATE utf8_general_ci NOT NULL,
  `uf` char(2) CHARACTER SET utf8 COLLATE utf8_general_ci NOT NULL,
  `complemento` varchar(50) CHARACTER SET utf8 COLLATE utf8_general_ci NULL DEFAULT NULL,
  PRIMARY KEY (`idEndereco`) USING BTREE
) ENGINE = InnoDB AUTO_INCREMENT = 7 CHARACTER SET = utf8 COLLATE = utf8_general_ci ROW_FORMAT = Compact;

-- ----------------------------
-- Records of tbendereco
-- ----------------------------
INSERT INTO `tbendereco` VALUES (4, 1, '02859-230', '121', 'Rua K', 'Jardim Vitória Régia (Zona Norte)', 'São Paulo', 'SP', 'a');
INSERT INTO `tbendereco` VALUES (5, 1, '04335-050', '1111', 'Rua Cinco de Outubro', 'Americanópolis', 'São Paulo', 'SP', 'a');
INSERT INTO `tbendereco` VALUES (6, 1, '04335-050', '1212', 'Rua Cinco de Outubro', 'Americanópolis', 'São Paulo', 'SP', 'a');

-- ----------------------------
-- Table structure for tbendereco_cliente
-- ----------------------------
DROP TABLE IF EXISTS `tbendereco_cliente`;
CREATE TABLE `tbendereco_cliente`  (
  `id` int(11) NOT NULL AUTO_INCREMENT,
  `cliente` int(11) NOT NULL,
  `endereco` int(11) NOT NULL,
  PRIMARY KEY (`id`) USING BTREE,
  INDEX `fk_endereco_endereco`(`endereco`) USING BTREE,
  INDEX `fk_cliente_cliente`(`cliente`) USING BTREE,
  CONSTRAINT `fk_cliente_cliente` FOREIGN KEY (`cliente`) REFERENCES `tbcliente` (`idCliente`) ON DELETE RESTRICT ON UPDATE RESTRICT,
  CONSTRAINT `fk_endereco_endereco` FOREIGN KEY (`endereco`) REFERENCES `tbendereco` (`idEndereco`) ON DELETE RESTRICT ON UPDATE RESTRICT
) ENGINE = InnoDB AUTO_INCREMENT = 8 CHARACTER SET = latin1 COLLATE = latin1_swedish_ci ROW_FORMAT = Compact;

-- ----------------------------
-- Records of tbendereco_cliente
-- ----------------------------
INSERT INTO `tbendereco_cliente` VALUES (1, 65, 5);
INSERT INTO `tbendereco_cliente` VALUES (2, 65, 4);
INSERT INTO `tbendereco_cliente` VALUES (7, 65, 6);

-- ----------------------------
-- Table structure for tbentrega
-- ----------------------------
DROP TABLE IF EXISTS `tbentrega`;
CREATE TABLE `tbentrega`  (
  `idEntrega` int(11) NOT NULL,
  `status` varchar(45) CHARACTER SET utf8 COLLATE utf8_general_ci NULL DEFAULT NULL,
  `opcao` varchar(45) CHARACTER SET utf8 COLLATE utf8_general_ci NULL DEFAULT NULL,
  `tbEndereco_idEndereco` int(11) NOT NULL,
  `tbFrete_idFrete` int(11) NOT NULL,
  PRIMARY KEY (`idEntrega`) USING BTREE,
  INDEX `fk_tbEntrega_tbEndereco1_idx`(`tbEndereco_idEndereco`) USING BTREE,
  INDEX `fk_tbEntrega_tbFrete1_idx`(`tbFrete_idFrete`) USING BTREE,
  CONSTRAINT `fk_tbEntrega_tbEndereco1` FOREIGN KEY (`tbEndereco_idEndereco`) REFERENCES `tbendereco` (`idEndereco`) ON DELETE NO ACTION ON UPDATE NO ACTION,
  CONSTRAINT `fk_tbEntrega_tbFrete1` FOREIGN KEY (`tbFrete_idFrete`) REFERENCES `tbfrete` (`idFrete`) ON DELETE NO ACTION ON UPDATE NO ACTION
) ENGINE = InnoDB CHARACTER SET = utf8 COLLATE = utf8_general_ci ROW_FORMAT = Compact;

-- ----------------------------
-- Table structure for tbfaixa
-- ----------------------------
DROP TABLE IF EXISTS `tbfaixa`;
CREATE TABLE `tbfaixa`  (
  `idFaixa` int(11) NOT NULL AUTO_INCREMENT,
  `de` int(11) NOT NULL,
  `ate` int(11) NOT NULL,
  `vl_preto` double NOT NULL,
  `vl_colorido` double NOT NULL,
  `desconto` double NULL DEFAULT NULL,
  PRIMARY KEY (`idFaixa`) USING BTREE
) ENGINE = InnoDB AUTO_INCREMENT = 10 CHARACTER SET = utf8 COLLATE = utf8_general_ci ROW_FORMAT = Compact;

-- ----------------------------
-- Records of tbfaixa
-- ----------------------------
INSERT INTO `tbfaixa` VALUES (1, 1, 25, 0.4, 1.2, 0);
INSERT INTO `tbfaixa` VALUES (2, 26, 50, 0.32, 0.96, 0.2);
INSERT INTO `tbfaixa` VALUES (3, 51, 100, 0.24, 0.72, 0.4);
INSERT INTO `tbfaixa` VALUES (4, 101, 300, 0.22, 0.66, 0.45);
INSERT INTO `tbfaixa` VALUES (5, 301, 600, 0.16, 0.48, 0.6);
INSERT INTO `tbfaixa` VALUES (6, 601, 1000, 0.14, 0.42, 0.65);
INSERT INTO `tbfaixa` VALUES (7, 1001, 3000, 0.12, 0.36, 0.7);
INSERT INTO `tbfaixa` VALUES (8, 3001, 6000, 0.09, 0.34, 0);
INSERT INTO `tbfaixa` VALUES (9, 6001, 100000, 0, 0, 0);

-- ----------------------------
-- Table structure for tbfrete
-- ----------------------------
DROP TABLE IF EXISTS `tbfrete`;
CREATE TABLE `tbfrete`  (
  `idFrete` int(11) NOT NULL AUTO_INCREMENT,
  `prazo` datetime(0) NOT NULL,
  `valor` double NOT NULL,
  PRIMARY KEY (`idFrete`) USING BTREE
) ENGINE = InnoDB AUTO_INCREMENT = 1 CHARACTER SET = utf8 COLLATE = utf8_general_ci ROW_FORMAT = Compact;

-- ----------------------------
-- Table structure for tbitem
-- ----------------------------
DROP TABLE IF EXISTS `tbitem`;
CREATE TABLE `tbitem`  (
  `idItem` int(11) NOT NULL AUTO_INCREMENT,
  `tbCor_idCor` int(11) NOT NULL,
  `tbLado_idLado` int(11) NOT NULL,
  `tbAcabamento_idAcabamento` int(11) NOT NULL,
  `tbPapel_idPapel` int(11) NOT NULL,
  `tbPedido_idPedido` int(11) NULL DEFAULT NULL,
  `valorItem` double NOT NULL,
  PRIMARY KEY (`idItem`) USING BTREE,
  INDEX `fk_tdImpressao_tbAcabamento1_idx`(`tbAcabamento_idAcabamento`) USING BTREE,
  INDEX `fk_tdImpressao_tbLado1_idx`(`tbLado_idLado`) USING BTREE,
  INDEX `fk_tbImpressao_tbCor1_idx`(`tbCor_idCor`) USING BTREE,
  INDEX `fk_tbItem_tbPapel1_idx`(`tbPapel_idPapel`) USING BTREE,
  INDEX `fk_tbPedido_idx`(`tbPedido_idPedido`) USING BTREE,
  CONSTRAINT `fk_tbItem_tbPapel1` FOREIGN KEY (`tbPapel_idPapel`) REFERENCES `tbpapel` (`idPapel`) ON DELETE NO ACTION ON UPDATE NO ACTION,
  CONSTRAINT `fk_tbPedido` FOREIGN KEY (`tbPedido_idPedido`) REFERENCES `tbpedido` (`idPedido`) ON DELETE NO ACTION ON UPDATE NO ACTION,
  CONSTRAINT `fk_tdImpressao_tbAcabamento1` FOREIGN KEY (`tbAcabamento_idAcabamento`) REFERENCES `tbacabamento` (`idAcabamento`) ON DELETE NO ACTION ON UPDATE NO ACTION,
  CONSTRAINT `fk_tdImpressao_tbCor1` FOREIGN KEY (`tbCor_idCor`) REFERENCES `tbcor` (`idCor`) ON DELETE NO ACTION ON UPDATE NO ACTION,
  CONSTRAINT `fk_tdImpressao_tbLado1` FOREIGN KEY (`tbLado_idLado`) REFERENCES `tblado` (`idLado`) ON DELETE NO ACTION ON UPDATE NO ACTION
) ENGINE = InnoDB AUTO_INCREMENT = 3 CHARACTER SET = utf8 COLLATE = utf8_general_ci ROW_FORMAT = Compact;

-- ----------------------------
-- Records of tbitem
-- ----------------------------
INSERT INTO `tbitem` VALUES (1, 1, 1, 1, 1, 1, 1.5);
INSERT INTO `tbitem` VALUES (2, 2, 1, 2, 1, 1, 4.4);

-- ----------------------------
-- Table structure for tblado
-- ----------------------------
DROP TABLE IF EXISTS `tblado`;
CREATE TABLE `tblado`  (
  `idLado` int(11) NOT NULL AUTO_INCREMENT,
  `descricaoLado` varchar(50) CHARACTER SET utf8 COLLATE utf8_general_ci NOT NULL,
  `valorLado` double NOT NULL,
  `custoLado` double NULL DEFAULT NULL,
  `iconeLado` varchar(50) CHARACTER SET utf8 COLLATE utf8_general_ci NULL DEFAULT NULL,
  PRIMARY KEY (`idLado`) USING BTREE
) ENGINE = InnoDB AUTO_INCREMENT = 3 CHARACTER SET = utf8 COLLATE = utf8_general_ci ROW_FORMAT = Compact;

-- ----------------------------
-- Records of tblado
-- ----------------------------
INSERT INTO `tblado` VALUES (1, 'Frente e Verso', 0, 0, 'frente_verso.svg');
INSERT INTO `tblado` VALUES (2, 'Só Frente', 0.02, 0, '75.svg');

-- ----------------------------
-- Table structure for tbpapel
-- ----------------------------
DROP TABLE IF EXISTS `tbpapel`;
CREATE TABLE `tbpapel`  (
  `idPapel` int(11) NOT NULL AUTO_INCREMENT,
  `descricaoPapel` varchar(255) CHARACTER SET utf8 COLLATE utf8_general_ci NOT NULL,
  `valorPapel` double NOT NULL,
  `custoPapel` double NULL DEFAULT NULL,
  `iconePapel` varchar(50) CHARACTER SET utf8 COLLATE utf8_general_ci NULL DEFAULT NULL,
  PRIMARY KEY (`idPapel`) USING BTREE
) ENGINE = InnoDB AUTO_INCREMENT = 10 CHARACTER SET = utf8 COLLATE = utf8_general_ci ROW_FORMAT = Compact;

-- ----------------------------
-- Records of tbpapel
-- ----------------------------
INSERT INTO `tbpapel` VALUES (1, 'Papel Normal (A4 75g)', 0, 0, '75.svg');
INSERT INTO `tbpapel` VALUES (2, 'Papel Premium (A4 90g)', 0.02, 0, '90.svg');
INSERT INTO `tbpapel` VALUES (3, 'Papel Grosso 1 (A4 115g)', 1.2, 0, '115.svg');
INSERT INTO `tbpapel` VALUES (4, 'Papel Grosso 2 (A4 170g)', 1.7, 0, '170.svg');
INSERT INTO `tbpapel` VALUES (5, 'Papel Ofício (A4 75g)', 1.2, 0, 'oficio.svg');
INSERT INTO `tbpapel` VALUES (6, 'Papel Reciclado (A4 75g)', 1, 0, 'reciclado.svg');
INSERT INTO `tbpapel` VALUES (7, 'Papel Carta (A4 75g)', 1, 0, 'carta.svg');
INSERT INTO `tbpapel` VALUES (8, 'Tamanho Grande (A3 75g)', 2.2, 0, 'a3_75.svg');
INSERT INTO `tbpapel` VALUES (9, 'Papel Grosso 3 (A3 150g)', 6, 0, 'a3_150.svg');

-- ----------------------------
-- Table structure for tbpdftemp
-- ----------------------------
DROP TABLE IF EXISTS `tbpdftemp`;
CREATE TABLE `tbpdftemp`  (
  `id` int(14) NOT NULL AUTO_INCREMENT,
  `file` varchar(255) CHARACTER SET latin1 COLLATE latin1_swedish_ci NULL DEFAULT NULL,
  `item` int(14) NULL DEFAULT NULL,
  `user` int(14) NULL DEFAULT NULL,
  PRIMARY KEY (`id`) USING BTREE,
  INDEX `fk_item_pdf`(`item`) USING BTREE
) ENGINE = InnoDB AUTO_INCREMENT = 4 CHARACTER SET = latin1 COLLATE = latin1_swedish_ci ROW_FORMAT = Compact;

-- ----------------------------
-- Records of tbpdftemp
-- ----------------------------
INSERT INTO `tbpdftemp` VALUES (1, 'daniel.pdf', 1, 1);
INSERT INTO `tbpdftemp` VALUES (2, 'ddd.pdf', 1, 1);
INSERT INTO `tbpdftemp` VALUES (3, 'x.pdf', 2, 1);

-- ----------------------------
-- Table structure for tbpedido
-- ----------------------------
DROP TABLE IF EXISTS `tbpedido`;
CREATE TABLE `tbpedido`  (
  `idPedido` int(11) NOT NULL AUTO_INCREMENT,
  `tbCliente_idCliente` int(11) NOT NULL,
  `tbEntrega_idEntrega` int(11) NOT NULL,
  `dataPedido` datetime(0) NULL DEFAULT NULL,
  `statusPedido` varchar(50) CHARACTER SET utf8 COLLATE utf8_general_ci NULL DEFAULT NULL,
  `obsStatusPedido` varchar(255) CHARACTER SET utf8 COLLATE utf8_general_ci NULL DEFAULT NULL,
  `formaPagamento` tinyint(1) NULL DEFAULT NULL,
  `statusPagamento` tinyint(1) NULL DEFAULT NULL,
  `confirmacaoPagamento` varchar(255) CHARACTER SET utf8 COLLATE utf8_general_ci NULL DEFAULT NULL,
  `prioridade` varchar(50) CHARACTER SET utf8 COLLATE utf8_general_ci NULL DEFAULT NULL,
  `valorPedido` double NULL DEFAULT NULL,
  `custoPedido` double NULL DEFAULT NULL,
  `categoriaPedido` varchar(50) CHARACTER SET utf8 COLLATE utf8_general_ci NULL DEFAULT NULL,
  PRIMARY KEY (`idPedido`) USING BTREE,
  INDEX `fk_tbPedido_tbCliente1_idx`(`tbCliente_idCliente`) USING BTREE,
  INDEX `fk_tbPedido_tbEntrega1_idx`(`tbEntrega_idEntrega`) USING BTREE,
  CONSTRAINT `fk_tbPedido_tbCliente1` FOREIGN KEY (`tbCliente_idCliente`) REFERENCES `tbcliente` (`idCliente`) ON DELETE NO ACTION ON UPDATE NO ACTION
) ENGINE = InnoDB AUTO_INCREMENT = 3 CHARACTER SET = utf8 COLLATE = utf8_general_ci ROW_FORMAT = Compact;

-- ----------------------------
-- Records of tbpedido
-- ----------------------------
INSERT INTO `tbpedido` VALUES (1, 12, 4, '2018-05-10 18:00:00', '1', NULL, 1, 1, '1', '1', 1000, NULL, '1');
INSERT INTO `tbpedido` VALUES (2, 12, 4, '2018-05-12 18:00:00', '2', NULL, 2, 2, '2', '1', 500, NULL, '1');

-- ----------------------------
-- Table structure for tbproduto
-- ----------------------------
DROP TABLE IF EXISTS `tbproduto`;
CREATE TABLE `tbproduto`  (
  `idProduto` int(11) NOT NULL AUTO_INCREMENT,
  `descricaoProduto` varchar(255) CHARACTER SET utf8 COLLATE utf8_general_ci NULL DEFAULT NULL,
  `valorProduto` double NULL DEFAULT NULL,
  `custoProduto` double NULL DEFAULT NULL,
  PRIMARY KEY (`idProduto`) USING BTREE
) ENGINE = InnoDB AUTO_INCREMENT = 1 CHARACTER SET = utf8 COLLATE = utf8_general_ci ROW_FORMAT = Compact;

-- ----------------------------
-- Table structure for tbusuariocolab
-- ----------------------------
DROP TABLE IF EXISTS `tbusuariocolab`;
CREATE TABLE `tbusuariocolab`  (
  `idUsuarioColab` int(11) NOT NULL AUTO_INCREMENT,
  `emailUsuarioColab` varchar(50) CHARACTER SET utf8 COLLATE utf8_general_ci NULL DEFAULT NULL,
  `senhaUsuarioColab` varchar(50) CHARACTER SET utf8 COLLATE utf8_general_ci NULL DEFAULT NULL,
  `statusUsuarioColab` int(11) NULL DEFAULT NULL,
  PRIMARY KEY (`idUsuarioColab`) USING BTREE
) ENGINE = InnoDB AUTO_INCREMENT = 1 CHARACTER SET = utf8 COLLATE = utf8_general_ci ROW_FORMAT = Compact;

-- ----------------------------
-- Table structure for tbusuariopadrao
-- ----------------------------
DROP TABLE IF EXISTS `tbusuariopadrao`;
CREATE TABLE `tbusuariopadrao`  (
  `idUsuarioPadrao` int(11) NOT NULL AUTO_INCREMENT,
  `emailUsuarioPadrao` varchar(100) CHARACTER SET utf8 COLLATE utf8_general_ci NOT NULL,
  `senhaUsuarioPadrao` varchar(50) CHARACTER SET utf8 COLLATE utf8_general_ci NOT NULL,
  `statusUsuarioPadrao` tinyint(1) NOT NULL,
  PRIMARY KEY (`idUsuarioPadrao`) USING BTREE,
  UNIQUE INDEX `emailUsuario_UNIQUE`(`emailUsuarioPadrao`) USING BTREE
) ENGINE = InnoDB AUTO_INCREMENT = 11 CHARACTER SET = utf8 COLLATE = utf8_general_ci ROW_FORMAT = Compact;

-- ----------------------------
-- Records of tbusuariopadrao
-- ----------------------------
INSERT INTO `tbusuariopadrao` VALUES (1, 'asdsad@dasdasd.com', 'asdsad', 0);
INSERT INTO `tbusuariopadrao` VALUES (2, 'dadasd@sssdasd', 'asd', 0);
INSERT INTO `tbusuariopadrao` VALUES (3, 'aaa@asa', 'asas', 0);
INSERT INTO `tbusuariopadrao` VALUES (5, 'asdasd@sdasd', '$2y$10$MziwchdWpkC42XmQqvRkjuZ9qOWQRdVrgbiS/7xtnbj', 0);
INSERT INTO `tbusuariopadrao` VALUES (6, 'sdasdasdsds@as', '$2y$10$qR2CfpxEm/dYPeWLXm8czuSq/wJZF7yLsrFiNdJrkA.', 0);
INSERT INTO `tbusuariopadrao` VALUES (8, 'william@teste.com', '$2y$10$3J/hHX7PTaAaydJJzvj1xebSlwW13EJ1VaJKCQGCrhU', 0);
INSERT INTO `tbusuariopadrao` VALUES (10, 'testes@teste.com', '$2y$10$h2LPKMOv8N46UzhiRy7yfuxz0vbOFP80rI/Wl3QOUkT', 0);

SET FOREIGN_KEY_CHECKS = 1;
